7/19/2002 16:00:00,16.196
7/26/2002 16:00:00,15.958
8/2/2002 16:00:00,16.156
8/9/2002 16:00:00,16.872
8/16/2002 16:00:00,17.198
8/23/2002 16:00:00,17.39
8/30/2002 16:00:00,16.968
9/6/2002 16:00:00,16.594
9/13/2002 16:00:00,16.444
9/20/2002 16:00:00,15.662
9/27/2002 16:00:00,15.428
10/4/2002 16:00:00,14.904
10/11/2002 16:00:00,15.38
10/18/2002 16:00:00,16.218
10/25/2002 16:00:00,16.342
11/1/2002 16:00:00,16.474
11/8/2002 16:00:00,16.428
11/15/2002 16:00:00,16.688
11/22/2002 16:00:00,17.082
11/29/2002 16:00:00,17.174
12/6/2002 16:00:00,16.738
12/13/2002 16:00:00,16.29
12/20/2002 16:00:00,16.316
12/27/2002 16:00:00,16.052
1/3/2003 16:00:00,16.626
1/10/2003 16:00:00,16.876
1/17/2003 16:00:00,16.502
1/24/2003 16:00:00,15.844
1/31/2003 16:00:00,15.7
2/7/2003 16:00:00,15.29
2/14/2003 16:00:00,15.358
2/21/2003 16:00:00,15.594
2/28/2003 16:00:00,15.422
3/7/2003 16:00:00,15.148
3/14/2003 16:00:00,15.224
3/21/2003 16:00:00,16.222
3/28/2003 16:00:00,15.698
4/4/2003 16:00:00,15.952
4/11/2003 16:00:00,15.838
4/17/2003 16:00:00,16.302
4/25/2003 16:00:00,16.37
5/2/2003 16:00:00,16.964
5/9/2003 16:00:00,17.122
5/16/2003 16:00:00,17.372
5/23/2003 16:00:00,17.244
5/30/2003 16:00:00,17.76
6/6/2003 16:00:00,18.27
6/13/2003 16:00:00,18.332
6/20/2003 16:00:00,18.418
6/27/2003 16:00:00,18.07
7/3/2003 16:00:00,18.296
7/11/2003 16:00:00,18.474
7/18/2003 16:00:00,18.318
7/25/2003 16:00:00,18.52
8/1/2003 16:00:00,18.256
8/8/2003 16:00:00,18.166
8/15/2003 16:00:00,18.524
8/22/2003 16:00:00,18.618
8/29/2003 16:00:00,18.83
9/5/2003 16:00:00,19.17
9/12/2003 16:00:00,19.156
9/19/2003 16:00:00,19.534
9/26/2003 16:00:00,18.774
10/3/2003 16:00:00,19.454
10/10/2003 16:00:00,19.686
10/17/2003 16:00:00,19.728
10/24/2003 16:00:00,19.47
10/31/2003 16:00:00,19.884
11/7/2003 16:00:00,20.022
11/14/2003 16:00:00,20.03
11/21/2003 16:00:00,19.75
11/28/2003 16:00:00,20.226
12/5/2003 16:00:00,20.348
12/12/2003 16:00:00,20.44
12/19/2003 16:00:00,20.622
12/26/2003 16:00:00,20.814
1/2/2004 16:00:00,21.148
1/9/2004 16:00:00,21.49
1/16/2004 16:00:00,21.686
1/23/2004 16:00:00,21.878
1/30/2004 16:00:00,21.53
2/6/2004 16:00:00,21.76
2/13/2004 16:00:00,21.928
2/20/2004 16:00:00,21.876
2/27/2004 16:00:00,21.888
3/5/2004 16:00:00,22.178
3/12/2004 16:00:00,21.434
3/19/2004 16:00:00,21.346
3/26/2004 16:00:00,21.234
4/2/2004 16:00:00,21.956
4/8/2004 16:00:00,21.944
4/16/2004 16:00:00,21.742
4/23/2004 16:00:00,21.822
4/30/2004 16:00:00,21.2
5/7/2004 16:00:00,20.976
5/14/2004 16:00:00,20.748
5/21/2004 16:00:00,20.856
5/28/2004 16:00:00,21.44
6/4/2004 16:00:00,21.482
6/10/2004 16:00:00,21.696
6/18/2004 16:00:00,21.708
6/25/2004 16:00:00,21.742
7/2/2004 16:00:00,21.62
7/9/2004 16:00:00,21.398
7/16/2004 16:00:00,21.218
7/23/2004 16:00:00,20.792
7/30/2004 16:00:00,21.058
8/6/2004 16:00:00,20.402
8/13/2004 16:00:00,20.4
8/20/2004 16:00:00,21.02
8/27/2004 16:00:00,21.184
9/3/2004 16:00:00,21.294
9/10/2004 16:00:00,21.558
9/17/2004 16:00:00,21.644
9/24/2004 16:00:00,21.354
10/1/2004 16:00:00,21.822
10/8/2004 16:00:00,21.714
10/15/2004 16:00:00,21.49
10/22/2004 16:00:00,21.386
10/29/2004 16:00:00,21.952
11/5/2004 16:00:00,22.678
11/12/2004 16:00:00,23.05
11/19/2004 16:00:00,22.86
11/26/2004 16:00:00,23.18
12/3/2004 16:00:00,23.424
12/10/2004 16:00:00,23.08
12/17/2004 16:00:00,23.294
12/23/2004 16:00:00,23.552
12/31/2004 16:00:00,23.694
1/7/2005 16:00:00,23.054
1/14/2005 16:00:00,23.072
1/21/2005 16:00:00,22.782
1/28/2005 16:00:00,22.87
2/4/2005 16:00:00,23.47
2/11/2005 16:00:00,23.554
2/18/2005 16:00:00,23.604
2/25/2005 16:00:00,23.8
3/4/2005 16:00:00,24.068
3/11/2005 16:00:00,23.738
3/18/2005 16:00:00,23.53
3/24/2005 16:00:00,23.078
4/1/2005 16:00:00,23.094
4/8/2005 16:00:00,23.216
4/15/2005 16:00:00,22.526
4/22/2005 16:00:00,22.714
4/29/2005 16:00:00,22.69
5/6/2005 16:00:00,23.032
5/13/2005 16:00:00,22.616
5/20/2005 16:00:00,23.2
5/27/2005 16:00:00,23.42
6/3/2005 16:00:00,23.392
6/10/2005 16:00:00,23.476
6/17/2005 16:00:00,23.916
6/24/2005 16:00:00,23.43
7/1/2005 16:00:00,23.5
7/8/2005 16:00:00,23.818
7/15/2005 16:00:00,24.102
7/22/2005 16:00:00,24.274
7/29/2005 16:00:00,24.368
8/5/2005 16:00:00,24.298
8/12/2005 16:00:00,24.576
8/19/2005 16:00:00,24.298
8/26/2005 16:00:00,24.056
9/2/2005 16:00:00,24.508
9/9/2005 16:00:00,24.942
9/16/2005 16:00:00,24.854
9/23/2005 16:00:00,24.332
9/30/2005 16:00:00,24.714
10/7/2005 16:00:00,24.1
10/14/2005 16:00:00,23.908
10/21/2005 16:00:00,23.632
10/28/2005 16:00:00,23.98
11/4/2005 16:00:00,24.482
11/11/2005 16:00:00,24.73
11/18/2005 16:00:00,24.982
11/25/2005 16:00:00,25.328
12/2/2005 16:00:00,25.422
12/9/2005 16:00:00,25.404
12/16/2005 16:00:00,25.442
12/23/2005 16:00:00,25.426
12/30/2005 16:00:00,25.112
1/6/2006 16:00:00,26.03
1/13/2006 16:00:00,26.046
1/20/2006 16:00:00,25.532
1/27/2006 16:00:00,26.156
2/3/2006 16:00:00,25.85
2/10/2006 16:00:00,25.782
2/17/2006 16:00:00,26.112
2/24/2006 16:00:00,26.278
3/3/2006 16:00:00,26.28
3/10/2006 16:00:00,26.124
3/17/2006 16:00:00,26.662
3/24/2006 16:00:00,26.632
3/31/2006 16:00:00,26.626
4/7/2006 16:00:00,26.706
4/13/2006 16:00:00,26.564
4/21/2006 16:00:00,27.208
4/28/2006 16:00:00,27.22
5/5/2006 16:00:00,27.71
5/12/2006 16:00:00,27.03
5/19/2006 16:00:00,26.314
5/26/2006 16:00:00,26.518
6/2/2006 16:00:00,26.732
6/9/2006 16:00:00,25.69
6/16/2006 16:00:00,25.602
6/23/2006 16:00:00,25.5
6/30/2006 16:00:00,26.272
7/7/2006 16:00:00,26.168
7/14/2006 16:00:00,25.432
7/21/2006 16:00:00,25.448
7/28/2006 16:00:00,26.414
8/4/2006 16:00:00,26.476
8/11/2006 16:00:00,26.13
8/18/2006 16:00:00,26.948
8/25/2006 16:00:00,26.73
9/1/2006 16:00:00,27.164
9/8/2006 16:00:00,26.762
9/15/2006 16:00:00,27.086
9/22/2006 16:00:00,26.936
9/29/2006 16:00:00,27.344
10/6/2006 16:00:00,27.612
10/13/2006 16:00:00,27.988
10/20/2006 16:00:00,28.114
10/27/2006 16:00:00,28.32
11/3/2006 16:00:00,28.134
11/10/2006 16:00:00,28.522
11/17/2006 16:00:00,28.826
11/24/2006 16:00:00,28.924
12/1/2006 16:00:00,28.926
12/8/2006 16:00:00,29.21
12/15/2006 16:00:00,29.276
12/22/2006 16:00:00,28.882
12/29/2006 16:00:00,29.082
1/5/2007 16:00:00,28.858
1/12/2007 16:00:00,29.306
1/19/2007 16:00:00,29.344
1/26/2007 16:00:00,29.224
2/2/2007 16:00:00,29.794
2/9/2007 16:00:00,29.68
2/16/2007 16:00:00,30.146
2/23/2007 16:00:00,30.164
3/2/2007 16:00:00,28.724
3/9/2007 16:00:00,29.132
3/16/2007 16:00:00,28.818
3/23/2007 16:00:00,29.84
3/30/2007 16:00:00,29.602
4/5/2007 16:00:00,30.12
4/13/2007 16:00:00,30.384
4/20/2007 16:00:00,30.968
4/27/2007 16:00:00,31.038
5/4/2007 16:00:00,31.326
5/11/2007 16:00:00,31.318
5/18/2007 16:00:00,31.584
5/25/2007 16:00:00,31.494
6/1/2007 16:00:00,32.046
6/8/2007 16:00:00,31.378
6/15/2007 16:00:00,31.954
6/22/2007 16:00:00,31.338
6/29/2007 16:00:00,31.424
7/6/2007 16:00:00,32.04
7/13/2007 16:00:00,32.498
7/20/2007 16:00:00,32.094
7/27/2007 16:00:00,30.368
8/3/2007 16:00:00,29.942
8/10/2007 16:00:00,30.204
8/17/2007 16:00:00,29.858
8/24/2007 16:00:00,30.71
8/31/2007 16:00:00,30.744
9/7/2007 16:00:00,30.316
9/14/2007 16:00:00,30.898
9/21/2007 16:00:00,31.724
9/28/2007 16:00:00,31.97
10/5/2007 16:00:00,32.674
10/12/2007 16:00:00,32.818
10/19/2007 16:00:00,31.626
10/26/2007 16:00:00,32.436
11/2/2007 16:00:00,32.078
11/9/2007 16:00:00,30.962
11/16/2007 16:00:00,30.936
11/23/2007 16:00:00,30.642
11/30/2007 16:00:00,31.458
12/7/2007 16:00:00,31.942
12/14/2007 16:00:00,30.744
12/21/2007 16:00:00,30.92
12/28/2007 16:00:00,30.966
1/4/2008 16:00:00,29.648
1/11/2008 16:00:00,29.34
1/18/2008 16:00:00,27.798
1/25/2008 16:00:00,27.802
2/1/2008 16:00:00,29.13
2/8/2008 16:00:00,27.702
2/15/2008 16:00:00,28.14
2/22/2008 16:00:00,28.346
2/29/2008 16:00:00,28.08
3/7/2008 16:00:00,27.31
3/14/2008 16:00:00,27.298
3/20/2008 16:00:00,27.648
3/28/2008 16:00:00,27.712
4/4/2008 16:00:00,28.916
4/11/2008 16:00:00,28.186
4/18/2008 16:00:00,29.36
4/25/2008 16:00:00,29.514
5/2/2008 16:00:00,29.824
5/9/2008 16:00:00,29.474
5/16/2008 16:00:00,30.364
5/23/2008 16:00:00,29.486
5/30/2008 16:00:00,29.902
6/6/2008 16:00:00,29.148
6/13/2008 16:00:00,28.882
6/20/2008 16:00:00,28.126
6/27/2008 16:00:00,27.334
7/3/2008 16:00:00,26.862
7/11/2008 16:00:00,26.42
7/18/2008 16:00:00,26.874
7/25/2008 16:00:00,26.822
8/1/2008 16:00:00,26.752
8/8/2008 16:00:00,27.206
8/15/2008 16:00:00,27.052
8/22/2008 16:00:00,26.944
8/29/2008 16:00:00,26.888
9/5/2008 16:00:00,25.76
9/12/2008 16:00:00,25.988
9/19/2008 16:00:00,26.218
9/26/2008 16:00:00,25.258
10/3/2008 16:00:00,22.732
10/10/2008 16:00:00,18.55
10/17/2008 16:00:00,19.25
10/24/2008 16:00:00,17.676
10/31/2008 16:00:00,19.626
11/7/2008 16:00:00,19.058
11/14/2008 16:00:00,17.72
11/21/2008 16:00:00,16.206
11/28/2008 16:00:00,18.146
12/5/2008 16:00:00,17.58
12/12/2008 16:00:00,17.77
12/19/2008 16:00:00,17.926
12/26/2008 16:00:00,17.7
1/2/2009 16:00:00,18.894
1/9/2009 16:00:00,18.17
1/16/2009 16:00:00,17.242
1/23/2009 16:00:00,16.634
1/30/2009 16:00:00,16.644
2/6/2009 16:00:00,17.51
2/13/2009 16:00:00,16.692
2/20/2009 16:00:00,15.526
2/27/2009 16:00:00,14.898
3/6/2009 16:00:00,13.85
3/13/2009 16:00:00,15.232
3/20/2009 16:00:00,15.644
3/27/2009 16:00:00,16.42
4/3/2009 16:00:00,17.108
4/9/2009 16:00:00,17.322
4/17/2009 16:00:00,17.646
4/24/2009 16:00:00,17.662
5/1/2009 16:00:00,17.954
5/8/2009 16:00:00,19.112
5/15/2009 16:00:00,18.178
5/22/2009 16:00:00,18.528
5/29/2009 16:00:00,19.21
6/5/2009 16:00:00,19.55
6/12/2009 16:00:00,19.758
6/19/2009 16:00:00,19.178
6/26/2009 16:00:00,19.078
7/2/2009 16:00:00,18.652
7/10/2009 16:00:00,18.222
7/17/2009 16:00:00,19.518
7/24/2009 16:00:00,20.42
7/31/2009 16:00:00,20.698
8/7/2009 16:00:00,21.156
8/14/2009 16:00:00,21.064
8/21/2009 16:00:00,21.538
8/28/2009 16:00:00,21.656
9/4/2009 16:00:00,21.424
9/11/2009 16:00:00,22.12
9/18/2009 16:00:00,22.648
9/25/2009 16:00:00,22.036
10/2/2009 16:00:00,21.566
10/9/2009 16:00:00,22.608
10/16/2009 16:00:00,22.938
10/23/2009 16:00:00,22.788
10/30/2009 16:00:00,21.756
11/6/2009 16:00:00,22.438
11/13/2009 16:00:00,22.98
11/20/2009 16:00:00,22.826
11/27/2009 16:00:00,22.796
12/4/2009 16:00:00,23.256
12/11/2009 16:00:00,22.924
12/18/2009 16:00:00,22.844
12/24/2009 16:00:00,23.306
12/31/2009 16:00:00,23.118
1/8/2010 16:00:00,23.806
1/15/2010 16:00:00,23.614
1/22/2010 16:00:00,22.644
1/29/2010 16:00:00,22.164
2/5/2010 16:00:00,21.862
2/12/2010 16:00:00,22.166
2/19/2010 16:00:00,22.838
2/26/2010 16:00:00,22.722
3/5/2010 16:00:00,23.558
3/12/2010 16:00:00,23.854
3/19/2010 16:00:00,23.93
3/26/2010 16:00:00,23.97
4/1/2010 16:00:00,24.328
4/9/2010 16:00:00,24.636
4/16/2010 16:00:00,24.604
4/23/2010 16:00:00,24.988
4/30/2010 16:00:00,24.29
5/7/2010 16:00:00,22.446
5/14/2010 16:00:00,23.01
5/21/2010 16:00:00,22.052
5/28/2010 16:00:00,22.14
6/4/2010 16:00:00,21.594
6/11/2010 16:00:00,22.208
6/18/2010 16:00:00,22.828
6/25/2010 16:00:00,22.01
7/2/2010 16:00:00,20.942
7/9/2010 16:00:00,22.11
7/16/2010 16:00:00,21.878
7/23/2010 16:00:00,22.682
7/30/2010 16:00:00,22.738
8/6/2010 16:00:00,23.216
8/13/2010 16:00:00,22.226
8/20/2010 16:00:00,22.108
8/27/2010 16:00:00,22.026
9/3/2010 16:00:00,22.9
9/10/2010 16:00:00,22.976
9/17/2010 16:00:00,23.336
9/24/2010 16:00:00,23.816
10/1/2010 16:00:00,23.848
10/8/2010 16:00:00,24.318
10/15/2010 16:00:00,24.554
10/22/2010 16:00:00,24.626
10/29/2010 16:00:00,24.648
11/5/2010 16:00:00,25.556
11/12/2010 16:00:00,24.978
11/19/2010 16:00:00,25.052
11/26/2010 16:00:00,24.686
12/3/2010 16:00:00,25.46
12/10/2010 16:00:00,25.542
12/17/2010 16:00:00,25.6
12/23/2010 16:00:00,25.792
12/31/2010 16:00:00,25.834
1/7/2011 16:00:00,25.96
1/14/2011 16:00:00,26.552
1/21/2011 16:00:00,26.312
1/28/2011 16:00:00,26.228
2/4/2011 16:00:00,26.966
2/11/2011 16:00:00,27.296
2/18/2011 16:00:00,27.68
2/25/2011 16:00:00,27.254
3/4/2011 16:00:00,27.324
3/11/2011 16:00:00,26.816
3/18/2011 16:00:00,26.3
3/25/2011 16:00:00,26.948
4/1/2011 16:00:00,27.442
4/8/2011 16:00:00,27.482
4/15/2011 16:00:00,27.284
4/21/2011 16:00:00,27.686
4/29/2011 16:00:00,28.304
5/6/2011 16:00:00,27.646
5/13/2011 16:00:00,27.506
5/20/2011 16:00:00,27.452
5/27/2011 16:00:00,27.512
6/3/2011 16:00:00,27.006
6/10/2011 16:00:00,26.306
6/17/2011 16:00:00,26.262
6/24/2011 16:00:00,26.142
7/1/2011 16:00:00,27.662
7/8/2011 16:00:00,27.67
7/15/2011 16:00:00,27.046
7/22/2011 16:00:00,27.694
7/29/2011 16:00:00,26.674
8/5/2011 16:00:00,24.524
8/12/2011 16:00:00,24.17
8/19/2011 16:00:00,22.976
8/26/2011 16:00:00,23.98
9/2/2011 16:00:00,23.978
9/9/2011 16:00:00,23.348
9/16/2011 16:00:00,24.48
9/23/2011 16:00:00,22.662
9/30/2011 16:00:00,22.658
10/7/2011 16:00:00,23.166
10/14/2011 16:00:00,24.656
10/21/2011 16:00:00,24.818
10/28/2011 16:00:00,25.98
11/4/2011 16:00:00,25.16
11/11/2011 16:00:00,25.276
11/18/2011 16:00:00,24.29
11/25/2011 16:00:00,23.032
12/2/2011 16:00:00,24.904
12/9/2011 16:00:00,24.832
12/16/2011 16:00:00,23.984
12/23/2011 16:00:00,24.738
12/30/2011 16:00:00,24.624
1/6/2012 16:00:00,24.932
1/13/2012 16:00:00,25.184
1/20/2012 16:00:00,25.854
1/27/2012 16:00:00,26.04
2/3/2012 16:00:00,26.69
2/10/2012 16:00:00,26.558
2/17/2012 16:00:00,27.012
2/24/2012 16:00:00,27.168
3/2/2012 16:00:00,27.112
3/9/2012 16:00:00,27.124
3/16/2012 16:00:00,27.748
3/23/2012 16:00:00,27.458
3/30/2012 16:00:00,27.626
4/5/2012 16:00:00,27.262
4/13/2012 16:00:00,26.748
4/20/2012 16:00:00,27.014
4/27/2012 16:00:00,27.482
5/4/2012 16:00:00,26.726
5/11/2012 16:00:00,26.41
5/18/2012 16:00:00,25.14
5/25/2012 16:00:00,25.51
6/1/2012 16:00:00,24.704
6/8/2012 16:00:00,25.644
6/15/2012 16:00:00,25.974
6/22/2012 16:00:00,25.796
6/29/2012 16:00:00,26.418
7/6/2012 16:00:00,26.292
7/13/2012 16:00:00,26.288
7/20/2012 16:00:00,26.328
7/27/2012 16:00:00,26.774
8/3/2012 16:00:00,26.918
8/10/2012 16:00:00,27.276
8/17/2012 16:00:00,27.574
8/24/2012 16:00:00,27.448
8/31/2012 16:00:00,27.356
9/7/2012 16:00:00,28.058
9/14/2012 16:00:00,28.742
9/21/2012 16:00:00,28.442
9/28/2012 16:00:00,27.97
10/5/2012 16:00:00,28.384
10/12/2012 16:00:00,27.798
10/19/2012 16:00:00,28
10/26/2012 16:00:00,27.63
11/2/2012 16:00:00,27.692
11/9/2012 16:00:00,27.096
11/16/2012 16:00:00,26.722
11/23/2012 16:00:00,27.76
11/30/2012 16:00:00,27.972
12/7/2012 16:00:00,28.076
12/14/2012 16:00:00,27.872
12/21/2012 16:00:00,28.11
12/28/2012 16:00:00,27.666
1/4/2013 16:00:00,28.838
1/11/2013 16:00:00,28.994
1/18/2013 16:00:00,29.242
1/25/2013 16:00:00,29.616
2/1/2013 16:00:00,29.832
2/8/2013 16:00:00,29.826
2/15/2013 16:00:00,29.872
2/22/2013 16:00:00,29.792
3/1/2013 16:00:00,29.806
3/8/2013 16:00:00,30.48
3/15/2013 16:00:00,30.722
3/22/2013 16:00:00,30.49
3/28/2013 16:00:00,30.644
4/5/2013 16:00:00,30.314
4/12/2013 16:00:00,31.064
4/19/2013 16:00:00,30.374
4/26/2013 16:00:00,31.03
5/3/2013 16:00:00,31.686
5/10/2013 16:00:00,32.06
5/17/2013 16:00:00,32.608
5/24/2013 16:00:00,32.134
5/31/2013 16:00:00,31.734
6/7/2013 16:00:00,31.926
6/14/2013 16:00:00,31.67
6/21/2013 16:00:00,30.816
6/28/2013 16:00:00,31.122
7/5/2013 16:00:00,31.604
7/12/2013 16:00:00,32.604
7/19/2013 16:00:00,32.912
7/26/2013 16:00:00,32.922
8/2/2013 16:00:00,33.342
8/9/2013 16:00:00,33.108
8/16/2013 16:00:00,32.55
8/23/2013 16:00:00,32.704
8/30/2013 16:00:00,31.98
9/6/2013 16:00:00,32.554
9/13/2013 16:00:00,33.282
9/20/2013 16:00:00,33.69
9/27/2013 16:00:00,33.49
10/4/2013 16:00:00,33.46
10/11/2013 16:00:00,33.694
10/18/2013 16:00:00,34.544
10/25/2013 16:00:00,34.802
11/1/2013 16:00:00,34.648
11/8/2013 16:00:00,34.72
11/15/2013 16:00:00,35.296
11/22/2013 16:00:00,35.38
11/29/2013 16:00:00,35.452
12/6/2013 16:00:00,35.328
12/13/2013 16:00:00,34.552
12/20/2013 16:00:00,35.28
12/27/2013 16:00:00,35.804
1/3/2014 16:00:00,35.61
1/10/2014 16:00:00,35.916
1/17/2014 16:00:00,35.896
1/24/2014 16:00:00,34.974
1/31/2014 16:00:00,34.728
2/7/2014 16:00:00,35.056
2/14/2014 16:00:00,35.908
2/21/2014 16:00:00,36.024
2/28/2014 16:00:00,36.478
3/7/2014 16:00:00,36.762
3/14/2014 16:00:00,35.946
3/21/2014 16:00:00,36.328
3/28/2014 16:00:00,36.14
4/4/2014 16:00:00,36.314
4/11/2014 16:00:00,35.396
4/17/2014 16:00:00,36.256
4/25/2014 16:00:00,36.2
5/2/2014 16:00:00,36.602
5/9/2014 16:00:00,36.49
5/16/2014 16:00:00,36.522
5/23/2014 16:00:00,36.934
5/30/2014 16:00:00,37.346
6/6/2014 16:00:00,37.906
6/13/2014 16:00:00,37.688
6/20/2014 16:00:00,38.216
6/27/2014 16:00:00,38.016
7/3/2014 16:00:00,38.52
7/11/2014 16:00:00,37.94
7/18/2014 16:00:00,38.104
7/25/2014 16:00:00,38.098
8/1/2014 16:00:00,37.122
8/8/2014 16:00:00,37.142
8/15/2014 16:00:00,37.624
8/22/2014 16:00:00,38.186
8/29/2014 16:00:00,38.488
9/5/2014 16:00:00,38.576
9/12/2014 16:00:00,38.14
9/19/2014 16:00:00,38.402
9/26/2014 16:00:00,37.666
10/3/2014 16:00:00,37.16
10/10/2014 16:00:00,35.888
10/17/2014 16:00:00,35.762
10/24/2014 16:00:00,37.112
10/31/2014 16:00:00,38.152
11/7/2014 16:00:00,38.236
11/14/2014 16:00:00,38.438
11/21/2014 16:00:00,38.832
11/28/2014 16:00:00,38.918
12/5/2014 16:00:00,39.028
12/12/2014 16:00:00,37.636
12/19/2014 16:00:00,38.392
12/26/2014 16:00:00,38.742
1/2/2015 16:00:00,38.166
1/9/2015 16:00:00,37.848
1/16/2015 16:00:00,37.62
1/23/2015 16:00:00,38.192
1/30/2015 16:00:00,37.406
2/6/2015 16:00:00,38.48
2/13/2015 16:00:00,39.268
2/20/2015 16:00:00,39.652
2/27/2015 16:00:00,39.584
3/6/2015 16:00:00,38.972
3/13/2015 16:00:00,38.702
3/20/2015 16:00:00,39.862
3/27/2015 16:00:00,38.968
4/2/2015 16:00:00,39.112
4/10/2015 16:00:00,39.734
4/17/2015 16:00:00,39.398
4/24/2015 16:00:00,40.084
5/1/2015 16:00:00,39.788
5/8/2015 16:00:00,39.994
5/15/2015 16:00:00,40.234
5/22/2015 16:00:00,40.266
5/29/2015 16:00:00,39.862
6/5/2015 16:00:00,39.61
6/12/2015 16:00:00,39.724
6/19/2015 16:00:00,39.96
6/26/2015 16:00:00,39.784
7/2/2015 16:00:00,39.186
7/10/2015 16:00:00,39.188
7/17/2015 16:00:00,40.01
7/24/2015 16:00:00,39.128
7/31/2015 16:00:00,39.6
8/7/2015 16:00:00,39.174
8/14/2015 16:00:00,39.31
8/21/2015 16:00:00,37.116
8/28/2015 16:00:00,37.422
9/4/2015 16:00:00,36.126
9/11/2015 16:00:00,36.924
9/18/2015 16:00:00,36.862
9/25/2015 16:00:00,36.024
10/2/2015 16:00:00,36.36
10/9/2015 16:00:00,37.692
10/16/2015 16:00:00,37.934
10/23/2015 16:00:00,38.532
10/30/2015 16:00:00,38.506
11/6/2015 16:00:00,38.834
11/13/2015 16:00:00,37.516
11/20/2015 16:00:00,38.676
11/27/2015 16:00:00,38.768
12/4/2015 16:00:00,38.702
12/11/2015 16:00:00,37.208
12/18/2015 16:00:00,36.778
12/24/2015 16:00:00,37.782
12/31/2015 16:00:00,37.466
1/8/2016 16:00:00,35.152
1/15/2016 16:00:00,34.258
1/22/2016 16:00:00,34.734
1/29/2016 16:00:00,35.344
2/5/2016 16:00:00,34.224
2/12/2016 16:00:00,33.748
2/19/2016 16:00:00,34.822
2/26/2016 16:00:00,35.354
3/4/2016 16:00:00,36.524
3/11/2016 16:00:00,36.95
3/18/2016 16:00:00,37.25
3/24/2016 16:00:00,36.868
4/1/2016 16:00:00,37.518
4/8/2016 16:00:00,37.15
4/15/2016 16:00:00,37.92
4/22/2016 16:00:00,38.258
4/29/2016 16:00:00,37.772
5/6/2016 16:00:00,37.466
5/13/2016 16:00:00,37.274
5/20/2016 16:00:00,37.452
5/27/2016 16:00:00,38.328
6/3/2016 16:00:00,38.408
6/10/2016 16:00:00,38.192
6/17/2016 16:00:00,37.604
6/24/2016 16:00:00,36.926
7/1/2016 16:00:00,38.156
7/8/2016 16:00:00,38.502
7/15/2016 16:00:00,39.206
7/22/2016 16:00:00,39.436
7/29/2016 16:00:00,39.586
8/5/2016 16:00:00,39.696
8/12/2016 16:00:00,39.864
8/19/2016 16:00:00,39.886
8/26/2016 16:00:00,39.646
9/2/2016 16:00:00,40
9/9/2016 16:00:00,39.128
9/16/2016 16:00:00,38.998
9/23/2016 16:00:00,39.658
9/30/2016 16:00:00,39.696
10/7/2016 16:00:00,39.39
10/14/2016 16:00:00,38.93
10/21/2016 16:00:00,39.132
10/28/2016 16:00:00,38.798
11/4/2016 16:00:00,38.064
11/11/2016 16:00:00,39.466
11/18/2016 16:00:00,39.746
11/25/2016 16:00:00,40.34
12/2/2016 16:00:00,39.976
12/9/2016 16:00:00,41.318
12/16/2016 16:00:00,41.154
12/23/2016 16:00:00,40.838
12/30/2016 16:00:00,40.496
1/6/2017 16:00:00,41.226
1/13/2017 16:00:00,41.304
1/20/2017 16:00:00,41.19
1/27/2017 16:00:00,41.63
2/3/2017 16:00:00,41.73
2/10/2017 16:00:00,42.036
2/17/2017 16:00:00,42.6
2/24/2017 16:00:00,42.792
3/3/2017 16:00:00,43.076
3/10/2017 16:00:00,42.862
3/17/2017 16:00:00,43.168
3/24/2017 16:00:00,42.44
3/31/2017 16:00:00,42.816
4/7/2017 16:00:00,42.628
4/13/2017 16:00:00,42.222
4/21/2017 16:00:00,42.634
4/28/2017 16:00:00,43.384
5/5/2017 16:00:00,43.766
5/12/2017 16:00:00,43.598
5/19/2017 16:00:00,43.572
5/26/2017 16:00:00,44.078
6/2/2017 16:00:00,44.616
6/9/2017 16:00:00,44.44
6/16/2017 16:00:00,44.474
6/23/2017 16:00:00,44.382
6/30/2017 16:00:00,44.202
7/7/2017 16:00:00,44.196
7/14/2017 16:00:00,44.874
7/21/2017 16:00:00,45.104
7/28/2017 16:00:00,45.116
8/4/2017 16:00:00,45.216
8/11/2017 16:00:00,44.488
8/18/2017 16:00:00,44.276
8/25/2017 16:00:00,44.656
9/1/2017 16:00:00,45.268
9/8/2017 16:00:00,45.096
9/15/2017 16:00:00,45.776
9/22/2017 16:00:00,45.76
9/29/2017 16:00:00,46.098
10/6/2017 16:00:00,46.57
10/13/2017 16:00:00,46.734
10/20/2017 16:00:00,47.032
10/27/2017 16:00:00,47.088
11/3/2017 16:00:00,47.226
11/10/2017 16:00:00,47.064
11/17/2017 16:00:00,47.082
11/24/2017 13:00:00,47.634
12/1/2017 16:00:00,48.18
12/8/2017 16:00:00,48.284
12/15/2017 16:00:00,48.626
12/22/2017 16:00:00,48.462
12/29/2017 16:00:00,48.384
1/5/2018 16:00:00,49.628
1/12/2018 16:00:00,50.426
1/19/2018 16:00:00,50.848
1/26/2018 16:00:00,51.852
2/2/2018 16:00:00,49.918
2/9/2018 16:00:00,47.388
2/16/2018 16:00:00,49.406
2/23/2018 16:00:00,49.626
3/2/2018 16:00:00,48.646
3/9/2018 16:00:00,50.276
3/16/2018 16:00:00,49.784
3/23/2018 16:00:00,46.966
3/29/2018 16:00:00,47.918
4/6/2018 16:00:00,47.356
4/13/2018 16:00:00,48.304
4/20/2018 16:00:00,48.6
4/27/2018 16:00:00,48.554
5/4/2018 16:00:00,48.484
5/11/2018 16:00:00,49.594
5/18/2018 16:00:00,49.432
5/25/2018 16:00:00,49.42
6/1/2018 16:00:00,49.64
6/8/2018 16:00:00,50.406
6/15/2018 16:00:00,50.426
6/22/2018 16:00:00,49.854
6/29/2018 16:00:00,49.148
7/6/2018 16:00:00,49.924
7/13/2018 16:00:00,50.492
7/20/2018 16:00:00,50.572
7/27/2018 16:00:00,50.756
8/3/2018 16:00:00,51.004
8/10/2018 16:00:00,50.836
8/17/2018 16:00:00,51.042
8/24/2018 16:00:00,51.602
8/31/2018 16:00:00,52.026
9/7/2018 16:00:00,51.33
9/14/2018 16:00:00,51.994
9/21/2018 16:00:00,52.486
9/28/2018 16:00:00,51.964
10/5/2018 16:00:00,51.186
10/12/2018 16:00:00,49.058
10/19/2018 16:00:00,49.04
10/26/2018 16:00:00,47.134
11/2/2018 16:00:00,48.45
11/9/2018 16:00:00,49.22
11/16/2018 16:00:00,48.534
11/23/2018 13:00:00,46.964
11/30/2018 16:00:00,48.934
12/7/2018 16:00:00,46.794
12/14/2018 16:00:00,46.202
12/21/2018 16:00:00,42.714
12/28/2018 16:00:00,43.91
1/4/2019 16:00:00,44.826
1/11/2019 16:00:00,46.076
1/18/2019 16:00:00,47.296
1/25/2019 16:00:00,47.268
2/1/2019 16:00:00,47.98
2/8/2019 16:00:00,47.972
2/15/2019 16:00:00,49.258
2/22/2019 16:00:00,49.628
3/1/2019 16:00:00,49.852
3/8/2019 16:00:00,48.716
3/15/2019 16:00:00,50.088
3/22/2019 16:00:00,49.358
3/29/2019 16:00:00,49.97
4/5/2019 16:00:00,51.036
4/12/2019 16:00:00,51.302
4/18/2019 16:00:00,51.22
4/26/2019 16:00:00,51.762
5/3/2019 16:00:00,51.962
5/10/2019 16:00:00,50.816
5/17/2019 16:00:00,50.424
5/24/2019 16:00:00,49.914
5/31/2019 16:00:00,48.66
6/7/2019 16:00:00,50.698
6/14/2019 16:00:00,50.712
6/21/2019 16:00:00,51.85
6/28/2019 16:00:00,51.824
7/5/2019 16:00:00,52.586
7/12/2019 16:00:00,52.866
7/19/2019 16:00:00,52.286
7/26/2019 16:00:00,53.066
8/2/2019 16:00:00,51.426
8/9/2019 16:00:00,51.15
8/16/2019 16:00:00,50.618
8/23/2019 16:00:00,49.964
8/30/2019 16:00:00,51.248
9/6/2019 16:00:00,52.148
9/13/2019 16:00:00,52.638
9/20/2019 16:00:00,52.392
9/27/2019 16:00:00,51.8
10/4/2019 16:00:00,51.54
10/11/2019 16:00:00,51.98
10/18/2019 16:00:00,52.318
10/25/2019 16:00:00,52.978
11/1/2019 16:00:00,53.768
11/8/2019 16:00:00,54.198
11/15/2019 16:00:00,54.612
11/22/2019 16:00:00,54.456
11/29/2019 13:00:00,55.026
12/6/2019 16:00:00,55.154
12/13/2019 16:00:00,55.568
12/20/2019 16:00:00,56.196
12/27/2019 16:00:00,56.248
1/3/2020 16:00:00,56.172
1/10/2020 16:00:00,56.614
1/17/2020 16:00:00,57.704
1/24/2020 16:00:00,57.106
1/31/2020 16:00:00,55.85
2/7/2020 16:00:00,57.514
2/14/2020 16:00:00,58.41
2/21/2020 16:00:00,57.768
2/28/2020 16:00:00,51.338
3/6/2020 16:00:00,51.398
3/13/2020 16:00:00,46.016
3/20/2020 16:00:00,39.28
3/27/2020 16:00:00,43.38
4/3/2020 16:00:00,42.126
4/9/2020 16:00:00,47.318
4/17/2020 16:00:00,48.506
4/24/2020 16:00:00,47.94
5/1/2020 16:00:00,48.042
5/8/2020 16:00:00,49.87
5/15/2020 16:00:00,48.588
5/22/2020 16:00:00,50.382
5/29/2020 16:00:00,52.09
6/5/2020 16:00:00,54.946
6/12/2020 16:00:00,52.288
6/19/2020 16:00:00,53.298
6/26/2020 16:00:00,51.698
7/2/2020 16:00:00,53.676
7/10/2020 16:00:00,54.544
7/17/2020 16:00:00,55.336
7/24/2020 16:00:00,55.174
7/31/2020 16:00:00,55.882
8/7/2020 16:00:00,57.306
8/14/2020 16:00:00,57.78
8/21/2020 16:00:00,58.096
8/28/2020 16:00:00,59.822
9/4/2020 16:00:00,58.468
9/11/2020 16:00:00,57.248
9/18/2020 16:00:00,57.29
9/25/2020 16:00:00,56.428
10/2/2020 16:00:00,57.47
10/9/2020 16:00:00,59.752
10/16/2020 16:00:00,59.73
10/23/2020 16:00:00,59.532
10/30/2020 16:00:00,56.12
11/6/2020 16:00:00,60.358
11/13/2020 16:00:00,61.876
11/20/2020 16:00:00,62.004
11/27/2020 13:00:00,63.632
12/4/2020 16:00:00,64.69
12/11/2020 16:00:00,64.282
12/18/2020 16:00:00,65.258
12/24/2020 13:00:00,65.022
12/31/2020 16:00:00,65.64
1/8/2021 16:00:00,67.25
1/15/2021 16:00:00,66.502
1/22/2021 16:00:00,67.694
1/29/2021 16:00:00,65.334
2/5/2021 16:00:00,68.544
2/12/2021 16:00:00,69.716
2/19/2021 16:00:00,69.274
2/26/2021 16:00:00,67.348
3/5/2021 16:00:00,67.57
3/12/2021 16:00:00,69.7
3/19/2021 16:00:00,69.106
3/26/2021 16:00:00,69.472
4/1/2021 16:00:00,70.274
4/9/2021 16:00:00,71.902
4/16/2021 16:00:00,72.928
4/23/2021 16:00:00,72.922
4/30/2021 16:00:00,72.76
5/7/2021 16:00:00,73.524
5/14/2021 16:00:00,72.478
5/21/2021 16:00:00,72.372
5/28/2021 16:00:00,73.388
6/4/2021 16:00:00,73.856
6/11/2021 16:00:00,74.386
6/18/2021 16:00:00,72.82
6/25/2021 16:00:00,74.688
7/2/2021 16:00:00,75.44
7/9/2021 16:00:00,75.66
7/16/2021 16:00:00,74.49
7/23/2021 16:00:00,76.054
7/30/2021 16:00:00,75.874
8/6/2021 16:00:00,76.586
8/13/2021 16:00:00,77.092
8/20/2021 16:00:00,76.272
8/27/2021 16:00:00,77.78
9/3/2021 16:00:00,78.398
9/10/2021 16:00:00,77.05
9/17/2021 16:00:00,76.69
9/24/2021 16:00:00,76.8
10/1/2021 16:00:00,75.132
10/8/2021 16:00:00,75.556
10/15/2021 16:00:00,77.114
10/22/2021 16:00:00,78.25
10/29/2021 16:00:00,78.99
11/5/2021 16:00:00,80.708
11/12/2021 16:00:00,80.514
11/19/2021 16:00:00,80.3
11/26/2021 13:00:00,78.202
12/3/2021 16:00:00,76.896
12/10/2021 16:00:00,79.576
12/17/2021 16:00:00,77.788
12/23/2021 16:00:00,79.422
12/31/2021 16:00:00,80
1/7/2022 16:00:00,78.39
1/14/2022 16:00:00,78.114
1/21/2022 16:00:00,73.704
1/28/2022 16:00:00,73.832
2/4/2022 16:00:00,75.144
2/11/2022 16:00:00,74.214
2/18/2022 16:00:00,73.094
2/25/2022 16:00:00,73.606
3/4/2022 16:00:00,71.948
3/11/2022 16:00:00,70.12
3/18/2022 16:00:00,74.654
3/25/2022 16:00:00,75.426
4/1/2022 16:00:00,75.668
4/8/2022 16:00:00,74.348
4/14/2022 16:00:00,73.106
4/22/2022 16:00:00,71.02
4/29/2022 16:00:00,68.734
5/6/2022 16:00:00,68.196
5/13/2022 16:00:00,66.716
5/20/2022 16:00:00,65.17
5/27/2022 16:00:00,69.228
6/3/2022 16:00:00,68.486
6/10/2022 16:00:00,65.03
6/17/2022 16:00:00,61.228
6/24/2022 16:00:00,64.778
7/1/2022 16:00:00,63.34
7/8/2022 16:00:00,64.484
7/15/2022 16:00:00,63.766
7/22/2022 16:00:00,65.586
7/29/2022 16:00:00,68.282
8/5/2022 16:00:00,68.648
8/12/2022 16:00:00,70.96
8/19/2022 16:00:00,69.788
8/26/2022 16:00:00,67.18
9/2/2022 16:00:00,64.89
9/9/2022 16:00:00,67.34
9/16/2022 16:00:00,64.27
9/23/2022 16:00:00,60.75
9/30/2022 16:00:00,59.25
10/7/2022 16:00:00,60.246
10/14/2022 16:00:00,59.222
10/21/2022 16:00:00,61.874
10/28/2022 16:00:00,64.384
11/4/2022 16:00:00,62.606
11/11/2022 16:00:00,66.492
11/18/2022 16:00:00,65.93
11/25/2022 13:00:00,67.006
12/2/2022 16:00:00,67.888
12/9/2022 16:00:00,65.652
12/16/2022 16:00:00,64.14
12/23/2022 16:00:00,63.8
12/30/2022 16:00:00,63.756
1/6/2023 16:00:00,64.86
1/13/2023 16:00:00,66.878
1/20/2023 16:00:00,66.574
1/27/2023 16:00:00,68.15
2/3/2023 16:00:00,69.252
2/10/2023 16:00:00,68.344
2/17/2023 16:00:00,68.42
2/24/2023 16:00:00,66.552
3/3/2023 16:00:00,67.94
3/10/2023 16:00:00,64.68
3/17/2023 16:00:00,65.072
3/24/2023 16:00:00,65.75
3/31/2023 16:00:00,68.198
4/6/2023 16:00:00,67.974
4/14/2023 16:00:00,68.676
4/21/2023 16:00:00,68.702
4/28/2023 16:00:00,69.062
5/5/2023 16:00:00,68.64
5/12/2023 16:00:00,68.394
5/19/2023 16:00:00,69.476
5/26/2023 16:00:00,69.486
6/2/2023 16:00:00,70.818
6/9/2023 16:00:00,71.178
6/16/2023 16:00:00,72.986
6/23/2023 16:00:00,71.444
6/30/2023 16:00:00,73.24
7/7/2023 16:00:00,72.342
7/14/2023 16:00:00,74.392
7/21/2023 16:00:00,74.89
7/28/2023 16:00:00,75.598
8/4/2023 16:00:00,73.894
8/11/2023 16:00:00,73.578
8/18/2023 16:00:00,71.892
8/25/2023 16:00:00,72.396
9/1/2023 16:00:00,74.322
9/8/2023 16:00:00,73.256
9/15/2023 16:00:00,73.268
9/22/2023 16:00:00,70.92
9/29/2023 16:00:00,70.462
10/6/2023 16:00:00,70.558
10/13/2023 16:00:00,70.734
10/20/2023 16:00:00,69.024
10/27/2023 16:00:00,67.354
11/3/2023 16:00:00,71.408
11/10/2023 16:00:00,71.956
11/17/2023 16:00:00,73.948
11/24/2023 13:00:00,74.716
12/1/2023 16:00:00,75.582
12/8/2023 16:00:00,75.77
12/15/2023 16:00:00,77.54
12/22/2023 16:00:00,78.028
12/29/2023 16:00:00,78.318
1/5/2024 16:00:00,76.96
1/12/2024 16:00:00,78.242
1/19/2024 16:00:00,78.826
1/26/2024 16:00:00,79.722
2/2/2024 16:00:00,80.614
2/9/2024 16:00:00,81.728
2/16/2024 16:00:00,81.678
2/23/2024 16:00:00,82.868
3/1/2024 16:00:00,83.79
3/8/2024 16:00:00,83.782
3/15/2024 16:00:00,83.514
3/22/2024 16:00:00,85.038
3/28/2024 16:00:00,85.508
4/5/2024 16:00:00,84.6
4/12/2024 16:00:00,83.132
4/19/2024 16:00:00,80.722
4/26/2024 16:00:00,82.87
5/3/2024 16:00:00,83.474
5/10/2024 16:00:00,84.984
5/17/2024 16:00:00,86.356
5/24/2024 16:00:00,86.166
5/31/2024 16:00:00,85.758
6/7/2024 16:00:00,86.506
6/14/2024 16:00:00,87.338
6/21/2024 16:00:00,87.86
6/28/2024 16:00:00,87.662
7/5/2024 16:00:00,89.224
7/12/2024 16:00:00,90.398
7/19/2024 16:00:00,88.808
7/26/2024 16:00:00,88.422
8/2/2024 16:00:00,86.204
8/9/2024 16:00:00,86.206
8/16/2024 16:00:00,89.566
8/23/2024 16:00:00,91.18
8/30/2024 16:00:00,91.438
9/6/2024 16:00:00,87.51
9/13/2024 16:00:00,90.892
9/20/2024 16:00:00,92.212
9/27/2024 16:00:00,92.62
10/4/2024 16:00:00,92.658
10/11/2024 16:00:00,93.594
10/18/2024 16:00:00,94.354
10/25/2024 16:00:00,93.132
11/1/2024 16:00:00,92.102
11/8/2024 16:00:00,96.264
11/15/2024 16:00:00,94.166
11/22/2024 16:00:00,96.08
11/29/2024 13:00:00,97.154
12/6/2024 16:00:00,98.12
12/13/2024 16:00:00,97.206
12/20/2024 16:00:00,94.606
12/27/2024 16:00:00,94.96
1/3/2025 16:00:00,94.656
1/10/2025 16:00:00,92.88
1/17/2025 16:00:00,95.706
1/24/2025 16:00:00,97.5
1/31/2025 16:00:00,96.726
2/7/2025 16:00:00,96.554
2/14/2025 16:00:00,97.97
2/21/2025 16:00:00,96.166
2/28/2025 16:00:00,95.346
3/7/2025 16:00:00,92.886
3/14/2025 16:00:00,90.928
3/21/2025 16:00:00,91.448
3/28/2025 16:00:00,89.748
4/4/2025 16:00:00,81.548
4/11/2025 16:00:00,85.938
4/17/2025 16:00:00,85.274
4/25/2025 16:00:00,89.134
5/2/2025 16:00:00,91.746
5/9/2025 16:00:00,91.476
5/16/2025 16:00:00,95.94
5/23/2025 16:00:00,93.77
5/30/2025 16:00:00,95.396
6/6/2025 16:00:00,96.938
6/13/2025 16:00:00,96.418
6/20/2025 16:00:00,96.226
6/27/2025 16:00:00,99.478
7/3/2025 13:00:00,100.91
7/11/2025 16:00:00,100.524
7/18/2025 16:00:00,101.052
7/25/2025 16:00:00,102.634
8/1/2025 16:00:00,99.962
8/8/2025 16:00:00,102.41
8/15/2025 16:00:00,103.64
8/22/2025 16:00:00,104.264
8/29/2025 16:00:00,104.03
9/5/2025 16:00:00,104.506
9/12/2025 16:00:00,106.036
9/19/2025 16:00:00,107.25
9/26/2025 16:00:00,106.826
10/3/2025 16:00:00,107.94
10/10/2025 16:00:00,105.158
10/17/2025 16:00:00,107.078
10/24/2025 16:00:00,109.032
10/31/2025 16:00:00,109.452
11/7/2025 16:00:00,107.872
11/14/2025 16:00:00,107.918
11/21/2025 16:00:00,105.81
11/28/2025 13:00:00,109.814
12/5/2025 16:00:00,110.266
12/12/2025 16:00:00,109.876
12/19/2025 16:00:00,109.61
12/26/2025 16:00:00,110.752
1/2/2026 16:00:00,109.852
1/9/2026 16:00:00,111.832
1/16/2026 16:00:00,111.762
1/23/2026 16:00:00,111.454
1/30/2026 16:00:00,111.54
2/6/2026 16:00:00,111.914
2/13/2026 16:00:00,110.802
2/20/2026 16:00:00,111.932
2/27/2026 16:00:00,111.59
3/6/2026 16:00:00,108.6
3/13/2026 16:00:00,106.774
3/20/2026 16:00:00,104.732
3/27/2026 16:00:00,102.68
4/2/2026 16:00:00,106.29
4/10/2026 16:00:00,110.072
4/17/2026 16:00:00,114.876
4/24/2026 16:00:00,115.05
5/1/2026 16:00:00,115.986
5/8/2026 16:00:00,118.462
5/15/2026 16:00:00,118.122
5/22/2026 16:00:00,119.568
5/29/2026 16:00:00,121.35
6/5/2026 16:00:00,118.358
6/12/2026 16:00:00,119.624
6/18/2026 16:00:00,120.782
6/26/2026 16:00:00,118.51
7/2/2026 16:00:00,120.462
7/10/2026 16:00:00,121.54
7/17/2026 16:00:00,119.8
7/24/2026 16:00:00,119.118
7/31/2026 16:00:00,120.404
8/7/2026 16:00:00,124.73
8/14/2026 16:00:00,125.31
8/17/2026 16:00:00,123.124